first_name,last_name,firm_name,address,city,county,state,zip,phone1,image_url,email,webStephen D,Apolinsky,Apolinsky and Associates LLC,1355 Peachtree St #1800,Atlanta,Fulton,GA,30309,377-9191,https://www.aa-legal.com/wp-content/uploads/2015/06/atlanta-attorney-stephen-d-apolinsky.jpg,steve@aa-legal.com,https://www.aa-legal.com/Abraham,Jaros,Jaroslawicz and Jaros PLLC ,225 Broadway 24th Floor,New York,New York,NY,10007,866-701-6729,https://wldimages.findlaw.com/images/2047893/4496998_1.jpg,null@null.com,https://www.jaroslawiczandjaros.com/Howard Craig ,Kornberg,Law Offices of Howard Craig Kornberg ,10880 Wilshire Blvd. #1840,Los Angeles,Los Angeles,CA,90024,310-997-0904,https://www.kornberglawfirm.com/wp-content/uploads/2017/07/innerpage-banner-img.png,null@null.com,https://www.kornberglawfirm.com/?adSubId=1467029The associates,none,Hall Law P A ,IDS Center Suite 900,Minneapolis,Hennipen,MN,55428,651-304-6708,https://www.hallinjurylaw.com/wp-content/uploads/2018/04/hero.jpg,info@hallinjurylaw.com,https://www.hallinjurylaw.com/